{
  "id": "w_3125b94e654a",
  "ru": "расширение Вселенной (наблюдаемое явление увеличения расстояний между галактиками со скоростью",
  "pos": null,
  "senses": [
    {
      "ing": "Айлам шеръялар",
      "definition": null,
      "examples": [
        {
          "ing": "",
          "ru": "",
          "audio": null
        }
      ]
    }
  ],
  "audio": {
    "word": null
  },
  "source": "ingush_dictionary_full.txt"
}