{
  "id": "w_4ca294bf2753",
  "ru": "отказать",
  "pos": "глаг.",
  "senses": [
    {
      "ing": "болх бе ца тига (перестать работать) *юхь ца е (кому-то в чем-то) отказать в просьбе дехарийна юхь ца е *хоадаве (кому-то от чего-то) отказать от дома чу ца вуташ хоадаве",
      "definition": null,
      "examples": [
        {
          "ing": "",
          "ru": "",
          "audio": null
        }
      ]
    }
  ],
  "audio": {
    "word": null
  },
  "source": "rusing"
}