{
  "id": "w_527931a4451b",
  "ru": "и",
  "pos": "союз",
  "senses": [
    {
      "ing": "-м (уступит.) и рад помочь, да не могу гIо де безам бар, цхьабакъда могарг-м вац *хIаьта (усил.) и почему вы этого не делаете? хIаьта хIана диц оаш из? *а (соед., перечисл., выделит., присоед.) и тот и другой из а вож а",
      "definition": null,
      "examples": [
        {
          "ing": "",
          "ru": "",
          "audio": null
        }
      ]
    }
  ],
  "audio": {
    "word": null
  },
  "source": "rusing"
}