{
  "id": "w_c507f8f2ee6a",
  "ru": "метеоритный дождь (множественное падение метеоритов вследствие разрушения крупного метеорита в процессе падения на Землю)",
  "pos": null,
  "senses": [
    {
      "ing": "айламгалингий догӀа",
      "definition": null,
      "examples": [
        {
          "ing": "",
          "ru": "",
          "audio": null
        }
      ]
    }
  ],
  "audio": {
    "word": null
  },
  "source": "ingush_dictionary_full.txt"
}