{
  "id": "w_d92a04a7262f",
  "ru": "только",
  "pos": "междом.",
  "senses": [
    {
      "ing": "мара (всего лишь, едва лишь) это стоит только три рубля цунах кхо сом мара дехац *=лара (если бы!) только бы увидеть его! бIаргагувалара из!",
      "definition": null,
      "examples": [
        {
          "ing": "",
          "ru": "",
          "audio": null
        }
      ]
    }
  ],
  "audio": {
    "word": null
  },
  "source": "rusing"
}