{
  "id": "w_da24db0f0a62",
  "ru": "а",
  "pos": "*союз",
  "senses": [
    {
      "ing": "хIаьта (противит.) он поехал, а я остался дома из дIавахар, хIаьта со цIагIа висар *амма (противит.) *дале а (противит.) *а (противит.) **междом. *хIа (воскл.) а, так это были вы! хIа, шо дар уж! *хIай (вопр.) что ты сказал, а? фу аьлар Iа, хIай?",
      "definition": null,
      "examples": [
        {
          "ing": "",
          "ru": "",
          "audio": null
        }
      ]
    }
  ],
  "audio": {
    "word": null
  },
  "source": "rusing"
}