{
  "id": "w_eae310bb2edf",
  "ru": "или",
  "pos": "союз",
  "senses": [
    {
      "ing": "ай (разве, вопр.) или ты не знаешь его? ай вовзаций хьона из? *а (присоед.) на дне рек, озер или морей хи, Iама, форда а бухе *е (раздел.) он или другой? из е кхы? *аьлча а (пояснит.)",
      "definition": null,
      "examples": [
        {
          "ing": "",
          "ru": "",
          "audio": null
        }
      ]
    }
  ],
  "audio": {
    "word": null
  },
  "source": "rusing"
}